"","Word","VersionNum","WordType","Block","Word_ID_unique","RTclean_mean","RTclean_sd","Rtclean_n","zRTclean_mean","zRTclean_sd","zRTclean_n","ACC","ACC_n","Concrete_rating","num_boi_pexman","mean_rating_boi_pexman","sd_rating_boi_pexman","num_tillotson_boi","mean_rating_tillotson_boi","sd_rating_tillotson_boi","num_image","mean_rating_image","sd_rating_image
","num_boi","mean_rating_boi","sd_rating_boi","Lg10WF","Lg10CD","Dom_PoS_SUBTLEX","AoA_Kup_lem","group","level"
"1","affection","7","Abstract",1,70185,1098.19,420.02,27,0.0752,1.0261,27,0.871,31,2.22,NA,NA,NA,NA,NA,NA,NA,NA,NA,NA,NA,NA,2.63548374681491,2.52504480703685,"Noun",8.53,NA,NA
"2","alliteration","2","Abstract",1,20193,1273.88,530.22,24,0.6536,1.0727,24,0.8065,31,2.25,NA,NA,NA,NA,NA,NA,NA,NA,NA,NA,NA,NA,1,1,"Noun",13.86,NA,NA
"3","allure","2","Abstract",4,20963,853.52,241.63,31,-0.3371,0.7287,31,1,31,1.92,NA,NA,NA,NA,NA,NA,NA,NA,NA,NA,NA,NA,1.49136169383427,1.44715803134222,"Noun",11.83,NA,NA
"4","amazement","4","Abstract",1,40191,973.57,332.01,30,-0.2256,0.7312,30,0.9375,32,1.89,NA,NA,NA,NA,NA,NA,NA,NA,NA,NA,NA,NA,1.56820172406699,1.54406804435028,"Noun",9.22,NA,NA
"5","apparition","10","Abstract",3,100739,1136.93,453.43,27,0.3668,1.2859,27,0.8438,32,2.46,NA,NA,NA,NA,NA,NA,NA,NA,NA,NA,NA,NA,1.60205999132796,1.47712125471966,"Noun",11.94,NA,NA
"6","assertion","8","Abstract",1,80180,1035.79,268.68,28,0.094,0.8111,28,0.9032,31,2.2,NA,NA,NA,NA,NA,NA,NA,NA,NA,NA,NA,NA,1.17609125905568,1.17609125905568,"Noun",12.24,NA,NA
"7","atheism","8","Abstract",2,80426,1155.38,381.51,26,0.356,0.9814,26,0.8387,31,2.23,NA,NA,NA,NA,NA,NA,NA,NA,NA,NA,NA,NA,0.778151250383644,0.778151250383644,"Noun",12.69,NA,NA
"8","benediction","1","Abstract",3,10640,1254.11,451.37,27,0.8031,1.0456,27,0.9032,31,2,NA,NA,NA,NA,NA,NA,NA,NA,NA,NA,NA,NA,1.14612803567824,1.11394335230684,"Noun",14.11,NA,NA
"9","benefit","9","Abstract",3,90639,1081.44,364.28,27,0.2358,0.8693,27,0.9,30,2.25,NA,NA,NA,NA,NA,NA,NA,NA,NA,NA,NA,NA,2.86510397464113,2.74896286125616,"Noun",9.17,NA,NA
"10","breadth","8","Abstract",2,80424,1168.95,476.76,22,0.4047,1.0912,22,0.7097,31,2.23,NA,NA,NA,NA,NA,NA,NA,NA,NA,NA,NA,NA,1.36172783601759,1.34242268082221,"Noun",11.38,NA,NA
"11","camaraderie","7","Abstract",4,70977,1283.73,361.34,15,1.0046,0.9716,15,0.5161,31,2.19,NA,NA,NA,NA,NA,NA,NA,NA,NA,NA,NA,NA,1.44715803134222,1.41497334797082,"Noun",12.22,NA,NA
"12","candidacy","4","Abstract",4,40964,1097.33,385.58,30,0.5472,1.0339,30,0.9375,32,2.39,NA,NA,NA,NA,NA,NA,NA,NA,NA,NA,NA,NA,1.51851393987789,1.32221929473392,"Noun",12.29,NA,NA
"13","caving","8","Abstract",3,80711,1464.13,354.6,15,1.446,1.3255,15,0.4194,31,2.38,NA,NA,NA,NA,NA,NA,NA,NA,NA,NA,NA,NA,1.50514997831991,1.32221929473392,"Noun",10.11,NA,NA
"14","chance","6","Abstract",4,60904,1041.88,505.84,26,-0.051,1.0691,26,0.8387,31,1.64,NA,NA,NA,NA,NA,NA,NA,NA,NA,NA,NA,NA,4.09004632245736,3.72786644946749,"Noun",7.78,NA,NA
"15","comeback","10","Abstract",2,100379,1159.62,478.78,26,0.4226,0.8929,26,0.8125,32,2.23,NA,NA,NA,NA,NA,NA,NA,NA,NA,NA,NA,NA,2.23299611039215,2.13987908640124,"Noun",9.8,NA,NA
"16","compliance","4","Abstract",1,40175,1061.43,287.08,28,0.1458,0.9613,28,0.875,32,1.96,NA,NA,NA,NA,NA,NA,NA,NA,NA,NA,NA,NA,1.70757017609794,1.55630250076729,"Noun",13.48,NA,NA
"17","consent","1","Abstract",1,10150,1172.55,484.46,29,0.4072,1.1615,29,0.9355,31,2.08,NA,NA,NA,NA,NA,NA,NA,NA,NA,NA,NA,NA,2.57978359661681,2.44870631990508,"Noun",9.95,NA,NA
"18","contempt","1","Abstract",2,10409,917.38,289.41,29,-0.3305,0.5811,29,0.9677,31,1.82,NA,NA,NA,NA,NA,NA,NA,NA,NA,NA,NA,NA,2.40993312333129,2.28103336724773,"Noun",12.44,NA,NA
"19","continuity","6","Abstract",3,60719,985.31,456.17,29,-0.1488,0.9026,29,0.9032,31,2.03,NA,NA,NA,NA,NA,NA,NA,NA,NA,NA,NA,NA,1.55630250076729,1.51851393987789,"Noun",13.68,NA,NA
"20","creation","10","Abstract",3,100704,936.52,283.13,27,-0.1996,0.8994,27,0.8438,32,2.15,NA,NA,NA,NA,NA,NA,NA,NA,NA,NA,NA,NA,2.49276038902684,2.39445168082622,"Noun",7.79,NA,NA
"21","curiosity","8","Abstract",1,80221,973.14,309.87,28,-0.1343,0.9773,28,0.9032,31,1.61,22,2.363636364,1.733300033,NA,NA,NA,NA,NA,NA,NA,NA,NA,2.63948648926859,2.55750720190566,"Noun",8.33,NA,NA
"22","cynicism","8","Abstract",4,80978,1075.59,420.21,29,0.2787,1.0989,29,0.9677,31,1.78,NA,NA,NA,NA,NA,NA,NA,NA,NA,NA,NA,NA,1.67209785793572,1.5910646070265,"Noun",13.25,NA,NA
"23","damnation","2","Abstract",2,20478,1106.61,423.66,28,0.2268,0.7512,28,0.9032,31,1.56,NA,NA,NA,NA,NA,NA,NA,NA,NA,NA,NA,NA,1.83250891270624,1.76342799356294,"Noun",8.94,NA,NA
"24","defect","3","Abstract",4,30906,889.17,333.63,23,-0.1824,1.1009,23,0.7419,31,2.48,NA,NA,NA,NA,NA,NA,NA,NA,NA,NA,NA,NA,2.10380372095596,1.94939000664491,"Noun",10.26,NA,NA
"25","desire","3","Abstract",4,30902,831.35,236.47,31,-0.3944,0.6936,31,1,31,1.7,NA,NA,NA,NA,NA,NA,NA,NA,NA,NA,NA,NA,3.01494034979294,2.86569605991607,"Noun",9.95,NA,NA
"26","disappointment","10","Abstract",1,100180,1025.88,434.91,26,-0.0924,1.1035,26,0.8125,32,1.93,NA,NA,NA,NA,NA,NA,NA,NA,NA,NA,NA,NA,2.44404479591808,2.40483371661994,"Noun",8.32,NA,NA
"27","disinterest","3","Abstract",2,30423,1208.11,461.22,27,0.5227,0.9133,27,0.9355,31,2.22,NA,NA,NA,NA,NA,NA,NA,NA,NA,NA,NA,NA,0.845098040014257,0.845098040014257,"Noun",9,NA,NA
"28","diversity","2","Abstract",4,20884,894.97,339.98,31,-0.2883,0.9531,31,1,31,2.28,NA,NA,NA,NA,NA,NA,NA,NA,NA,NA,NA,NA,1.75587485567249,1.61278385671974,"Noun",10.79,NA,NA
"29","divinity","3","Abstract",4,30938,961.38,365.95,29,0.0445,0.9858,29,0.9355,31,1.9,NA,NA,NA,NA,NA,NA,NA,NA,NA,NA,NA,NA,1.64345267648619,1.46239799789896,"Noun",10.41,NA,NA
"30","doings","2","Abstract",3,20632,1044.71,349.09,28,0.2831,0.7825,28,0.9032,31,2.07,NA,NA,NA,NA,NA,NA,NA,NA,NA,NA,NA,NA,1.39794000867204,1.38021124171161,"Noun",5.89135,NA,NA
"31","dread","3","Abstract",3,30637,929.76,272.99,25,-0.3351,0.5345,25,0.8387,31,1.86,25,1.32,0.852447457,NA,NA,NA,NA,NA,NA,NA,NA,NA,2.11058971029925,2.02118929906994,"Noun",9.44,NA,NA
"32","egoism","5","Abstract",2,50382,984.97,291.27,30,-0.0625,0.7636,30,0.9375,32,1.48,NA,NA,NA,NA,NA,NA,NA,NA,NA,NA,NA,NA,0.477121254719662,0.477121254719662,"Noun",15.62,NA,NA
"33","eloquence","2","Abstract",2,20458,938.89,394.9,28,-0.1996,0.7237,28,0.9032,31,1.88,NA,NA,NA,NA,NA,NA,NA,NA,NA,NA,NA,NA,1.44715803134222,1.41497334797082,"Noun",11.71,NA,NA
"34","expertise","10","Abstract",4,100898,1048.39,317.84,31,0.1873,0.8333,31,0.9688,32,1.64,NA,NA,NA,NA,NA,NA,NA,NA,NA,NA,NA,NA,2.3096301674259,2.25042000230889,"Noun",10.61,NA,NA
"35","exposure","10","Abstract",1,100222,1040.59,382.98,22,-0.0233,1.0055,22,0.6875,32,2.39,NA,NA,NA,NA,NA,NA,NA,NA,NA,NA,NA,NA,2.46538285144842,2.38201704257487,"Noun",10.44,NA,NA
"36","extermination","10","Abstract",2,100499,1270,611.5,18,0.4353,1.285,18,0.5625,32,2.37,NA,NA,NA,NA,NA,NA,NA,NA,NA,NA,NA,NA,1.72427586960079,1.5910646070265,"Noun",10.11,NA,NA
"37","federation","10","Abstract",4,100912,968.05,312.92,19,0.0363,1.0486,19,0.5938,32,2.24,NA,NA,NA,NA,NA,NA,NA,NA,NA,NA,NA,NA,2.29666519026153,1.64345267648619,"Noun",12.17,NA,NA
"38","forte","1","Abstract",1,10140,1212,425.49,25,0.5967,0.8778,25,0.8387,31,2.39,NA,NA,NA,NA,NA,NA,NA,NA,NA,NA,NA,NA,1.49136169383427,1.47712125471966,"Noun",12.72,NA,NA
"39","health","8","Abstract",3,80709,1039.8,313.12,20,0.358,0.8214,20,0.6452,31,2.28,24,2.25,1.674618711,30,2.27,2.08,NA,NA,NA,NA,NA,NA,3.31281182621209,3.12775251583297,"Noun",7.56,NA,NA
"40","heresy","9","Abstract",3,90678,1059.74,326.24,27,0.2449,0.8528,27,0.9,30,2.04,22,2.227272727,1.743882319,NA,NA,NA,NA,NA,NA,NA,NA,NA,1.7160033436348,1.36172783601759,"Noun",12.86,NA,NA
"41","heyday","5","Abstract",2,50484,1209.95,557.03,20,0.4204,0.9895,20,0.6563,32,1.52,NA,NA,NA,NA,NA,NA,NA,NA,NA,NA,NA,NA,0.954242509439325,0.954242509439325,"Noun",10.59,NA,NA
"42","ignoramus","9","Abstract",4,90952,1158.9,381.1,29,0.7401,1.1672,29,0.9667,30,2.3,NA,NA,NA,NA,NA,NA,NA,NA,NA,NA,NA,NA,1.27875360095283,1.25527250510331,"Noun",11.75,NA,NA
"43","inclement","7","Abstract",1,70189,1249.73,434.15,22,0.5619,0.9004,22,0.8387,31,2.42,NA,NA,NA,NA,NA,NA,NA,NA,NA,NA,NA,NA,0.954242509439325,0.954242509439325,"Noun",12.79,NA,NA
"44","inertness","7","Abstract",2,70498,1152.7,447.58,27,0.5895,1.1871,27,0.8387,31,1.9,NA,NA,NA,NA,NA,NA,NA,NA,NA,NA,NA,NA,0.698970004336019,0.698970004336019,"Noun",14.39,NA,NA
"45","infinitive","6","Abstract",3,60681,1098,458.54,27,0.0546,0.8748,27,0.871,31,1.27,NA,NA,NA,NA,NA,NA,NA,NA,NA,NA,NA,NA,0.602059991327962,0.602059991327962,"Noun",13.28,NA,NA
"46","instinct","1","Abstract",3,10696,1000.66,301.4,29,-0.032,0.7592,29,0.9355,31,2,NA,NA,NA,NA,NA,NA,NA,NA,NA,NA,NA,NA,2.59217675739587,2.50650503240487,"Noun",10.65,NA,NA
"47","intention","5","Abstract",4,50899,943.4,372.61,30,-0.1771,1.061,30,0.9688,32,1.7,23,2.130434783,1.659801407,NA,NA,NA,NA,NA,NA,NA,NA,NA,2.7481880270062,2.65991620006985,"Noun",9.42,NA,NA
"48","justification","6","Abstract",3,60700,1008.73,335.34,30,0.047,0.8992,30,0.9677,31,1.52,NA,NA,NA,NA,NA,NA,NA,NA,NA,NA,NA,NA,1.68124123737559,1.6232492903979,"Noun",10.74,NA,NA
"49","kinetics","10","Abstract",1,100211,1527.44,570,16,1.3003,1.2121,16,0.5,32,2.39,NA,NA,NA,NA,NA,NA,NA,NA,NA,NA,NA,NA,0.301029995663981,0.301029995663981,"Noun",14,NA,NA
"50","lesbianism","6","Abstract",2,60496,1399.74,567.18,19,0.8828,1.1255,19,0.6774,31,2.48,NA,NA,NA,NA,NA,NA,NA,NA,NA,NA,NA,NA,1,0.954242509439325,"Noun",14.44,NA,NA
"51","letdown","8","Abstract",2,80438,1137.14,378.01,28,0.4186,1.1103,28,0.871,31,1.83,NA,NA,NA,NA,NA,NA,NA,NA,NA,NA,NA,NA,1.25527250510331,1.23044892137827,"Noun",10.28,NA,NA
"52","lingo","7","Abstract",4,70980,1156.37,460.64,19,0.6732,0.9972,19,0.6129,31,2.27,NA,NA,NA,NA,NA,NA,NA,NA,NA,NA,NA,NA,1.77815125038364,1.74036268949424,"Noun",10.89,NA,NA
"53","literacy","3","Abstract",1,30128,1167.7,518.53,23,0.1566,0.8789,23,0.7097,31,2.04,NA,NA,NA,NA,NA,NA,NA,NA,NA,NA,NA,NA,1.41497334797082,1.39794000867204,"Noun",11.44,NA,NA
"54","loss","2","Abstract",4,20971,949,368.46,27,0.0566,1.1893,27,0.9032,31,2.19,23,1.434782609,0.895751942,29,1.62,1.35,NA,NA,NA,NA,NA,NA,3.17201880942456,3.05880548667591,"Noun",5,NA,NA
"55","manifestation","2","Abstract",3,20659,1157.86,270.58,22,0.7357,0.8845,22,0.7097,31,2.39,NA,NA,NA,NA,NA,NA,NA,NA,NA,NA,NA,NA,1.73239375982297,1.69019608002851,"Noun",14.17,NA,NA
"56","marxism","9","Abstract",3,90729,1167.88,382.11,25,0.5277,1.1088,25,0.8333,30,1.48,NA,NA,NA,NA,NA,NA,NA,NA,NA,NA,NA,NA,0.903089986991944,0.903089986991944,"Noun",NA,NA,NA
"57","mayhem","5","Abstract",3,50680,1086.07,393.77,28,0.1673,1.0527,28,0.875,32,2.24,NA,NA,NA,NA,NA,NA,NA,NA,NA,NA,NA,NA,2.04139268515822,1.95424250943932,"Noun",10.37,NA,NA
"58","merriment","3","Abstract",1,30160,1197.15,497.44,26,0.3407,0.998,26,0.8387,31,2.04,NA,NA,NA,NA,NA,NA,NA,NA,NA,NA,NA,NA,1.11394335230684,1.07918124604762,"Noun",11.88,NA,NA
"59","miracle","8","Abstract",4,80924,981.19,357.99,27,-0.0325,0.87,27,0.871,31,1.96,NA,NA,NA,NA,NA,NA,NA,NA,NA,NA,NA,NA,3.13353890837022,2.94051648493257,"Noun",6.8,NA,NA
"60","misery","5","Abstract",3,50722,968.58,385.75,31,-0.1647,1.0195,31,0.9688,32,2.04,NA,NA,NA,NA,NA,NA,NA,NA,NA,NA,NA,NA,2.72181061521255,2.58206336291171,"Noun",9.22,NA,NA
"61","mistake","7","Abstract",4,70990,1000.54,345.06,26,0.1197,0.8697,26,0.871,31,1.97,NA,NA,NA,NA,NA,NA,NA,NA,NA,NA,NA,NA,3.71608685377483,3.4944328987264,"Noun",5.78,NA,NA
"62","mockery","6","Abstract",2,60402,965.83,251.07,24,-0.1198,0.5919,24,0.8065,31,2.33,NA,NA,NA,NA,NA,NA,NA,NA,NA,NA,NA,NA,1.97772360528885,1.88649072517248,"Noun",12.22,NA,NA
"63","motif","9","Abstract",2,90422,998.94,390.56,18,0.2916,1.3453,18,0.6,30,2.45,NA,NA,NA,NA,NA,NA,NA,NA,NA,NA,NA,NA,1.53147891704226,1.43136376415899,"Noun",13.55,NA,NA
"64","nationalist","4","Abstract",2,40396,1220.85,389.66,13,0.7592,1.2628,13,0.4375,32,2.09,NA,NA,NA,NA,NA,NA,NA,NA,NA,NA,NA,NA,1.11394335230684,1.11394335230684,"Noun",13.47,NA,NA
"65","negation","4","Abstract",1,40216,1026.82,375.68,28,0.005,0.954,28,0.9063,32,1.92,NA,NA,NA,NA,NA,NA,NA,NA,NA,NA,NA,NA,0.778151250383644,0.778151250383644,"Noun",14.28,NA,NA
"66","oversight","4","Abstract",4,40892,1016.92,256.98,25,0.2691,0.7192,25,0.7813,32,1.57,NA,NA,NA,NA,NA,NA,NA,NA,NA,NA,NA,NA,1.8750612633917,1.83884909073726,"Noun",11.28,NA,NA
"67","peacetime","9","Abstract",3,90707,1325.32,530.27,19,0.9764,1.2798,19,0.7,30,2.44,NA,NA,NA,NA,NA,NA,NA,NA,NA,NA,NA,NA,1.36172783601759,1.32221929473392,"Noun",10.25,NA,NA
"68","penance","9","Abstract",4,90915,1026.27,303.67,22,0.3833,1.1838,22,0.7,30,1.52,NA,NA,NA,NA,NA,NA,NA,NA,NA,NA,NA,NA,1.86923171973098,1.77815125038364,"Noun",12.5,NA,NA
"69","persuasion","3","Abstract",3,30678,1059.27,435.79,26,0.1098,1.1086,26,0.871,31,1.9,NA,NA,NA,NA,NA,NA,NA,NA,NA,NA,NA,NA,2.00432137378264,1.94939000664491,"Noun",10.9,NA,NA
"70","plainness","8","Abstract",4,80890,1209.88,452.91,25,0.7027,1.0578,25,0.8387,31,2.43,NA,NA,NA,NA,NA,NA,NA,NA,NA,NA,NA,NA,0.477121254719662,0.477121254719662,"Noun",9.78,NA,NA
"71","prodigal","2","Abstract",2,20414,1122.85,454.83,26,0.401,1.3643,26,0.8065,31,1.65,NA,NA,NA,NA,NA,NA,NA,NA,NA,NA,NA,NA,1.76342799356294,1.7160033436348,"Noun",11.72,NA,NA
"72","prognosis","10","Abstract",1,100178,1317.82,440.46,17,0.8223,1.1224,17,0.625,32,2.17,NA,NA,NA,NA,NA,NA,NA,NA,NA,NA,NA,NA,1.74036268949424,1.69019608002851,"Noun",14.1,NA,NA
"73","psychology","6","Abstract",3,60654,994.63,295.59,19,0.0315,1.0286,19,0.6129,31,2.31,NA,NA,NA,NA,NA,NA,NA,NA,NA,NA,NA,NA,2.44715803134222,2.35218251811136,"Noun",11.72,NA,NA
"74","pureblood","7","Abstract",3,70741,1141.11,245.79,9,0.9373,0.7977,9,0.3226,31,2.28,NA,NA,NA,NA,NA,NA,NA,NA,NA,NA,NA,NA,0.778151250383644,0.301029995663981,"Noun",9.94,NA,NA
"75","quirk","All","Abstract",NA,NA,NA,NA,NA,NA,NA,NA,NA,NA,2.25,NA,NA,NA,NA,NA,NA,NA,NA,NA,NA,NA,NA,1.32221929473392,1.27875360095283,"Noun",11.39,NA,NA
"76","rawness","6","Abstract",4,60900,1043.9,332.32,21,0.1794,0.8253,21,0.6774,31,2.36,NA,NA,NA,NA,NA,NA,NA,NA,NA,NA,NA,NA,0.477121254719662,0.477121254719662,"Noun",8.68,NA,NA
"77","reconciliation","9","Abstract",2,90458,1087.81,267.34,27,0.3862,0.7978,27,0.9333,30,2.19,NA,NA,NA,NA,NA,NA,NA,NA,NA,NA,NA,NA,1.72427586960079,1.6232492903979,"Noun",10.82,NA,NA
"78","refinement","6","Abstract",2,60406,1146.13,424.76,23,0.2279,0.839,23,0.8387,31,2.04,NA,NA,NA,NA,NA,NA,NA,NA,NA,NA,NA,NA,1.44715803134222,1.34242268082221,"Noun",11.11,NA,NA
"79","reformer","3","Abstract",4,30884,1196,590.48,10,0.4401,1.3247,10,0.3226,31,1.92,NA,NA,NA,NA,NA,NA,NA,NA,NA,NA,NA,NA,1.07918124604762,1,"Noun",14.26,NA,NA
"80","reign","3","Abstract",2,30384,1190.65,593.58,23,0.4553,1.2501,23,0.7419,31,2.37,NA,NA,NA,NA,NA,NA,NA,NA,NA,NA,NA,NA,2.20411998265592,2.13033376849501,"Noun",9.42,NA,NA
"81","religion","6","Abstract",3,60724,1045.86,289.13,21,0.0504,1.0403,21,0.7097,31,1.71,NA,NA,NA,NA,NA,NA,NA,NA,NA,NA,NA,NA,2.85003325768977,2.64443858946784,"Noun",7.06,NA,NA
"82","reminder","8","Abstract",3,80633,1143.46,484.1,24,0.3943,1.2984,24,0.7419,31,2.41,NA,NA,NA,NA,NA,NA,NA,NA,NA,NA,NA,NA,2.28555730900777,2.25285303097989,"Noun",7.5,NA,NA
"83","repute","6","Abstract",3,60666,1058.62,445.8,29,0.0089,0.8553,29,0.9677,31,1.76,NA,NA,NA,NA,NA,NA,NA,NA,NA,NA,NA,NA,1.07918124604762,1.07918124604762,"Noun",12.38,NA,NA
"84","requisition","1","Abstract",2,10449,1017.79,474.7,24,-0.0583,0.9724,24,0.8387,31,2.41,NA,NA,NA,NA,NA,NA,NA,NA,NA,NA,NA,NA,1.76342799356294,1.6232492903979,"Noun",13.42,NA,NA
"85","revisionist","2","Abstract",1,20201,1255.45,376.99,11,0.6462,1.1375,11,0.3548,31,2.04,NA,NA,NA,NA,NA,NA,NA,NA,NA,NA,NA,NA,1.14612803567824,1.07918124604762,"Noun",16.53,NA,NA
"86","romance","2","Abstract",4,20983,940.28,240.08,29,-0.0191,0.963,29,0.9355,31,2.19,NA,NA,NA,NA,NA,NA,NA,NA,NA,NA,NA,NA,2.8992731873176,2.75739602879302,"Noun",9.28,NA,NA
"87","ruling","10","Abstract",1,100195,1117.48,371.34,21,0.4222,1.09,21,0.6563,32,2.32,NA,NA,NA,NA,NA,NA,NA,NA,NA,NA,NA,NA,2.32221929473392,2.2405492482826,"Noun",9.89,NA,NA
"88","scheme","8","Abstract",3,80656,1120,357.41,22,0.2849,0.8351,22,0.7419,31,2.41,NA,NA,NA,NA,NA,NA,NA,NA,NA,NA,NA,NA,2.56937390961505,2.47275644931721,"Noun",9.65,NA,NA
"89","sensibility","6","Abstract",1,60133,898.37,243.96,27,-0.5013,0.8019,27,0.871,31,1.52,NA,NA,NA,NA,NA,NA,NA,NA,NA,NA,NA,NA,1.41497334797082,1.38021124171161,"Noun",10.65,NA,NA
"90","solitude","2","Abstract",1,20152,1055.82,469.53,28,0.017,1.1117,28,0.9032,31,2.07,NA,NA,NA,NA,NA,NA,NA,NA,NA,NA,NA,NA,2.01283722470517,1.96378782734556,"Noun",12,NA,NA
"91","spirit","4","Abstract",4,40958,933.7,211.93,20,0.0371,0.716,20,0.6452,31,1.6,25,1.84,1.434108318,NA,NA,NA,NA,NA,NA,NA,NA,NA,3.40105572577184,3.16643011384328,"Noun",7.11,NA,NA
"92","strangeness","6","Abstract",1,60246,1289.04,450.71,26,0.8188,1.1704,26,0.871,31,2.11,NA,NA,NA,NA,NA,NA,NA,NA,NA,NA,NA,NA,1.27875360095283,1.25527250510331,"Noun",9.28,NA,NA
"93","subjectivity","1","Abstract",2,10423,1075.83,544.77,30,0.1451,1.2483,30,0.9677,31,1.33,NA,NA,NA,NA,NA,NA,NA,NA,NA,NA,NA,NA,0.845098040014257,0.778151250383644,"Noun",14.67,NA,NA
"94","supposition","8","Abstract",4,80953,1001.28,353.58,29,0.2122,1.1938,29,1,31,1.77,NA,NA,NA,NA,NA,NA,NA,NA,NA,NA,NA,NA,1.23044892137827,1.17609125905568,"Noun",12.23,NA,NA
"95","tactics","7","Abstract",3,70692,1146.41,387.51,22,0.5162,1.0767,22,0.7097,31,2.48,NA,NA,NA,NA,NA,NA,NA,NA,NA,NA,NA,NA,2.38381536598043,2.29666519026153,"Noun",9.402877,NA,NA
"96","taker","10","Abstract",1,100137,1125.6,269.72,10,0.4534,1.3051,10,0.3438,32,2.3,NA,NA,NA,NA,NA,NA,NA,NA,NA,NA,NA,NA,1.67209785793572,1.56820172406699,"Noun",7.9,NA,NA
"97","tenderness","10","Abstract",1,100166,1223.81,558.07,26,0.3416,1.1376,26,0.8125,32,2.06,NA,NA,NA,NA,NA,NA,NA,NA,NA,NA,NA,NA,2.11394335230684,1.98677173426624,"Noun",8.79,NA,NA
"98","uplift","8","Abstract",1,80159,1021.23,264.89,22,0.0131,0.8044,22,0.7097,31,2.34,NA,NA,NA,NA,NA,NA,NA,NA,NA,NA,NA,NA,1.14612803567824,1.14612803567824,"Noun",10,NA,NA
"99","veneration","2","Abstract",1,20175,1368.22,411.66,23,1.0581,1.2164,23,0.7742,31,1.65,NA,NA,NA,NA,NA,NA,NA,NA,NA,NA,NA,NA,0.477121254719662,0.477121254719662,"Noun",16.08,NA,NA
"100","vulgarity","9","Abstract",1,90159,1044.66,281.29,29,0.0198,0.803,29,0.9667,30,2.07,NA,NA,NA,NA,NA,NA,NA,NA,NA,NA,NA,NA,1.27875360095283,1.23044892137827,"Noun",11.94,NA,NA
"101","barnyard","8","Concrete",3,80616,796.97,303.55,31,-0.6702,0.6021,31,1,31,4.79,22,3.045454545,1.731425857,NA,NA,NA,NA,NA,NA,NA,NA,NA,1.66275783168157,1.51851393987789,"Noun",5.38,"[1.28,3.68]","low"
"102","bobtail","3","Concrete",4,30754,941,360.37,30,-0.119,0.7282,30,1,31,4.59,25,3.48,2.181742423,NA,NA,NA,NA,NA,NA,NA,NA,NA,0.778151250383644,0.778151250383644,"Noun",9.59,"[1.28,3.68]","low"
"103","combustion","5","Concrete",2,50333,1185.7,461.65,20,0.6507,1.101,20,0.625,32,3.86,22,2.181818182,1.735795787,NA,NA,NA,NA,NA,NA,NA,NA,NA,1.81291335664286,1.66275783168157,"Noun",11.42,"[1.28,3.68]","low"
"104","cortisone","4","Concrete",4,40819,1036.91,301.02,22,0.4001,0.9567,22,0.75,32,3.65,25,3.68,2.13541565,NA,NA,NA,NA,NA,NA,NA,NA,NA,1.47712125471966,0.954242509439325,"Noun",12.33,"[1.28,3.68]","low"
"105","crucifixion","7","Concrete",1,70003,1353.65,421.75,20,0.9481,1.1099,20,0.6774,31,4,27,2.37037037,1.944383393,NA,NA,NA,NA,NA,NA,NA,NA,NA,1.5910646070265,1.44715803134222,"Noun",9.2,"[1.28,3.68]","low"
"106","ebony","10","Concrete",1,100040,1024.1,407.81,21,0.0039,0.9365,21,0.6563,32,4,25,2.4,1.957890021,NA,NA,NA,NA,NA,NA,NA,NA,NA,1.65321251377534,1.44715803134222,"Noun",11.18,"[1.28,3.68]","low"
"107","flagship","7","Concrete",3,70518,928.66,343.5,29,-0.2011,0.9059,29,0.9355,31,3.89,22,3,1.718249386,NA,NA,NA,NA,NA,NA,NA,NA,NA,1.69897000433602,1.60205999132796,"Noun",13.12,"[1.28,3.68]","low"
"108","flock","4","Concrete",3,40572,992.42,397.15,31,0.0347,1.0507,31,0.9688,32,4.67,24,3.083333333,1.411649256,30,2.9,1.75,NA,NA,NA,NA,NA,NA,2.37657695705651,2.21218760440396,"Noun",7.18,"[1.28,3.68]","low"
"109","hypothermia","2","Concrete",2,20255,1137.95,290.3,22,0.5719,0.973,22,0.7097,31,3.55,24,2.25,1.594828599,NA,NA,NA,NA,NA,NA,NA,NA,NA,1.60205999132796,1.53147891704226,"Noun",12.8,"[1.28,3.68]","low"
"110","interpreter","6","Concrete",2,60308,1127.36,347.28,28,0.3455,0.8203,28,0.9032,31,3.67,25,3.56,1.872609587,NA,NA,NA,NA,NA,NA,NA,NA,NA,1.96378782734556,1.80617997398389,"Noun",11,"[1.28,3.68]","low"
"111","kilometer","9","Concrete",4,90784,953.64,363.88,25,0.1258,1.3548,25,0.8333,30,4.07,23,2.086956522,1.880837422,NA,NA,NA,NA,NA,NA,NA,NA,NA,1.32221929473392,1.30102999566398,"Noun",8.61,"[1.28,3.68]","low"
"112","laceration","8","Concrete",3,80535,1139.95,347.42,20,0.5351,1.18,20,0.6774,31,4.2,27,3.444444444,2.154303981,NA,NA,NA,NA,NA,NA,NA,NA,NA,1.78532983501077,1.72427586960079,"Noun",13.41,"[1.28,3.68]","low"
"113","lighting","8","Concrete",2,80273,1000.1,386.62,29,-0.0814,1.002,29,0.9677,31,4.38,24,3.125,2.153106956,NA,NA,NA,NA,NA,NA,NA,NA,NA,2.51054501020661,2.38738982633873,"Noun",7.48,"[1.28,3.68]","low"
"114","mourner","5","Concrete",4,50853,931.19,300.79,26,-0.1744,0.8713,26,0.8125,32,3.62,25,3.56,1.850225212,NA,NA,NA,NA,NA,NA,NA,NA,NA,0.954242509439325,0.954242509439325,"Noun",10.32,"[1.28,3.68]","low"
"115","negotiator","1","Concrete",2,10362,1117.25,340.44,28,0.5029,1.0993,28,0.9032,31,3.85,24,3.666666667,2.078182037,NA,NA,NA,NA,NA,NA,NA,NA,NA,1.83250891270624,1.65321251377534,"Noun",11.42,"[1.28,3.68]","low"
"116","nitroglycerine","1","Concrete",3,10622,1088.93,283.33,30,0.3477,0.6422,30,0.9677,31,4.27,22,2.863636364,1.884661257,NA,NA,NA,NA,NA,NA,NA,NA,NA,1.20411998265592,1.04139268515823,"Noun",14.38,"[1.28,3.68]","low"
"117","observer","9","Concrete",4,90851,913.54,299.28,26,-0.1291,0.9173,26,0.8667,30,3.88,25,3.6,2.160246899,NA,NA,NA,NA,NA,NA,NA,NA,NA,2.27646180417324,1.91381385238372,"Noun",9.7,"[1.28,3.68]","low"
"118","outback","10","Concrete",1,100031,1065.72,404.36,18,0.2363,1.4365,18,0.5313,32,3.56,25,1.96,1.593737745,NA,NA,NA,NA,NA,NA,NA,NA,NA,1.68124123737559,1.47712125471966,"Noun",9.89,"[1.28,3.68]","low"
"119","peddler","1","Concrete",2,10289,946.76,321.1,29,-0.2891,0.744,29,0.9355,31,4.52,23,3.47826087,1.728624393,NA,NA,NA,NA,NA,NA,NA,NA,NA,1.49136169383427,1.39794000867204,"Noun",8.44,"[1.28,3.68]","low"
"120","pentagram","7","Concrete",3,70517,1034.03,356.85,30,0.1889,0.8229,30,0.9677,31,4.74,24,2.666666667,1.685401943,NA,NA,NA,NA,NA,NA,NA,NA,NA,1.69897000433602,1.38021124171161,"Noun",10.89,"[1.28,3.68]","low"
"121","pinstripe","9","Concrete",1,90025,1055.82,323.34,28,-0.0194,0.7289,28,0.9333,30,4.59,23,2.130434783,1.575504186,NA,NA,NA,NA,NA,NA,NA,NA,NA,1.04139268515823,1,"Noun",9.89,"[1.28,3.68]","low"
"122","polisher","8","Concrete",4,80781,857.53,265.49,30,-0.3287,0.9426,30,0.9677,31,4.19,27,3.407407407,2.004979556,NA,NA,NA,NA,NA,NA,NA,NA,NA,0.778151250383644,0.698970004336019,"Noun",10.89,"[1.28,3.68]","low"
"123","provider","1","Concrete",3,10601,1098.04,421.65,26,0.2925,1.1557,26,0.8387,31,3.78,25,3.04,2.030599255,NA,NA,NA,NA,NA,NA,NA,NA,NA,1.8750612633917,1.83250891270624,"Noun",9.63,"[1.28,3.68]","low"
"124","robbery","9","Concrete",1,90027,1099,450.81,26,0.1258,1.3071,26,0.8333,30,3.93,24,2.666666667,1.761093205,NA,NA,NA,NA,NA,NA,NA,NA,NA,3.07040732174012,2.75511226639507,"Noun",7.43,"[1.28,3.68]","low"
"125","smoothness","6","Concrete",1,60124,1204.41,458.06,17,0.089,1.0861,17,0.5806,31,3.87,23,2.391304348,2.061313139,NA,NA,NA,NA,NA,NA,NA,NA,NA,0.845098040014257,0.845098040014257,"Noun",7.61,"[1.28,3.68]","low"
"126","speakeasy","7","Concrete",2,70327,1395.69,486.83,16,1.2992,1.1202,16,0.5484,31,3.59,27,2.925925926,1.879564719,NA,NA,NA,NA,NA,NA,NA,NA,NA,1.54406804435028,1.27875360095283,"Noun",11.33,"[1.28,3.68]","low"
"127","stamen","5","Concrete",4,50810,1136.08,421.61,24,0.5327,1.256,24,0.8125,32,3.75,20,3.35,2.109502311,NA,NA,NA,NA,NA,NA,NA,NA,NA,0.698970004336019,0.602059991327962,"Noun",11.43,"[1.28,3.68]","low"
"128","suburb","1","Concrete",1,10059,904.04,238.39,28,-0.3864,0.5946,28,0.9032,31,3.76,24,3.208333333,2.105462185,NA,NA,NA,41,5,1.99,41,2.44,1.47,1.49136169383427,1.47712125471966,"Noun",9.52,"[1.28,3.68]","low"
"129","suite","3","Concrete",1,30116,971.9,399.65,29,-0.3256,0.7713,29,0.9355,31,4.16,24,3.166666667,1.833662685,30,4.13,2.33,NA,NA,NA,NA,NA,NA,2.92941892571429,2.64640372622307,"Noun",9.37,"[1.28,3.68]","low"
"130","supernova","9","Concrete",1,90103,1075.04,295.07,27,0.1187,0.9241,27,0.9,30,3.78,23,2.086956522,1.703286755,NA,NA,NA,NA,NA,NA,NA,NA,NA,1.32221929473392,1.20411998265592,"Noun",10.83,"[1.28,3.68]","low"
"131","antelope","4","Concrete",2,40266,896.4,280.34,30,-0.2087,0.8832,30,0.9375,32,5,24,3.75,2.005427418,NA,NA,NA,NA,NA,NA,NA,NA,NA,1.70757017609794,1.53147891704226,"Noun",8.39,"(3.68,4.71]","medium"
"132","bellhop","3","Concrete",2,30320,885.24,356.56,29,-0.4034,0.9661,29,0.9355,31,4.42,26,4.115384615,2.026364687,NA,NA,NA,NA,NA,NA,NA,NA,NA,1.54406804435028,1.49136169383427,"Noun",11.21,"(3.68,4.71]","medium"
"133","bombardier","6","Concrete",4,60802,1197.86,476.72,29,0.5709,1.1043,29,0.9355,31,3.81,19,3.894736842,1.940639552,NA,NA,NA,NA,NA,NA,NA,NA,NA,1.55630250076729,1.11394335230684,"Noun",13.14,"(3.68,4.71]","medium"
"134","bulletin","1","Concrete",4,10804,835.66,309.13,29,-0.3398,0.9565,29,0.9355,31,4.72,26,4.192307692,2.172910137,NA,NA,NA,NA,NA,NA,NA,NA,NA,2.26481782300954,2.17318626841227,"Noun",10.28,"(3.68,4.71]","medium"
"135","chronometer","6","Concrete",1,60113,1151.4,440.57,30,0.2014,0.8401,30,0.9677,31,4.11,18,4.5,1.977818168,NA,NA,NA,NA,NA,NA,NA,NA,NA,1.07918124604762,0.845098040014257,"Noun",14.23,"(3.68,4.71]","medium"
"136","coolant","5","Concrete",2,50258,993.41,222.73,22,0.141,0.7877,22,0.6875,32,4.25,24,4,1.817786518,NA,NA,NA,NA,NA,NA,NA,NA,NA,1.55630250076729,1.32221929473392,"Noun",11.18,"(3.68,4.71]","medium"
"137","dashboard","8","Concrete",2,80343,932.97,319.64,31,-0.1733,0.865,31,1,31,4.61,24,4.208333333,2.105462185,NA,NA,NA,NA,NA,NA,NA,NA,NA,1.70757017609794,1.66275783168157,"Noun",9.21,"(3.68,4.71]","medium"
"138","deliverer","2","Concrete",3,20600,957.8,329.9,30,-0.1014,0.8631,30,0.9677,31,3.72,23,4.52173913,1.754722594,NA,NA,NA,NA,NA,NA,NA,NA,NA,0.698970004336019,0.602059991327962,"Noun",8.11,"(3.68,4.71]","medium"
"139","excavator","6","Concrete",3,60524,1163.73,423.34,26,0.347,0.9702,26,0.8387,31,4.07,22,4.409090909,1.816828501,NA,NA,NA,NA,NA,NA,NA,NA,NA,0.698970004336019,0.301029995663981,"Noun",13,"(3.68,4.71]","medium"
"140","florist","6","Concrete",3,60531,990.54,445.17,28,-0.0501,1.0279,28,0.9032,31,4.62,27,4.444444444,2.006400016,NA,NA,NA,NA,NA,NA,NA,NA,NA,2.09342168516224,1.96378782734556,"Noun",8.45,"(3.68,4.71]","medium"
"141","greenery","7","Concrete",4,70818,1075.43,406.21,21,0.3089,0.9338,21,0.6774,31,4.34,24,4.375,1.860633366,NA,NA,NA,NA,NA,NA,NA,NA,NA,0.903089986991944,0.903089986991944,"Noun",9.63,"(3.68,4.71]","medium"
"142","harvest","5","Concrete",1,50040,975.85,409.6,27,-0.1538,0.8897,27,0.8438,32,4,28,4.464285714,1.452511053,NA,NA,NA,NA,NA,NA,NA,NA,NA,2.29225607135648,2.16435285578444,"Noun",7.4,"(3.68,4.71]","medium"
"143","headcheese","2","Concrete",2,20353,1106.9,422.79,29,0.3897,1.0762,29,0.9355,31,4.26,24,4.208333333,2.225917821,NA,NA,NA,NA,NA,NA,NA,NA,NA,0.301029995663981,0.301029995663981,"Noun",13.57,"(3.68,4.71]","medium"
"144","headmistress","5","Concrete",3,50542,1011.84,294.16,32,-0.0363,0.8578,32,1,32,4.56,27,4.555555556,1.98713813,NA,NA,NA,NA,NA,NA,NA,NA,NA,1.23044892137827,1.07918124604762,"Noun",11,"(3.68,4.71]","medium"
"145","huckleberry","3","Concrete",1,30008,1008.14,399.22,28,-0.2741,0.7748,28,0.9355,31,4.25,27,4.037037037,1.742709682,NA,NA,NA,NA,NA,NA,NA,NA,NA,1.65321251377534,1.51851393987789,"Noun",10.44,"(3.68,4.71]","medium"
"146","inkwell","8","Concrete",3,80524,1046.04,451.51,27,0.1258,1.0641,27,0.871,31,4.52,23,4.086956522,1.781547935,NA,NA,NA,NA,NA,NA,NA,NA,NA,1.14612803567824,1.04139268515823,"Noun",11.76,"(3.68,4.71]","medium"
"147","knitter","7","Concrete",4,70875,792.67,233.12,30,-0.5064,0.6687,30,0.9677,31,4.52,23,4.217391304,1.953005184,NA,NA,NA,NA,NA,NA,NA,NA,NA,0.477121254719662,0.477121254719662,"Noun",9.95,"(3.68,4.71]","medium"
"148","lambskin","4","Concrete",1,40110,947.23,326.98,31,-0.3289,0.8228,31,0.9688,32,4.72,24,4.416666667,1.976308959,NA,NA,NA,NA,NA,NA,NA,NA,NA,0.698970004336019,0.301029995663981,"Noun",10.78,"(3.68,4.71]","medium"
"149","millionaire","8","Concrete",1,80102,968,347.42,28,-0.2521,0.6633,28,0.9032,31,3.6,29,4.206896552,1.970846634,NA,NA,NA,NA,NA,NA,NA,NA,NA,2.46538285144842,2.33041377334919,"Noun",7.06,"(3.68,4.71]","medium"
"150","motorway","2","Concrete",1,20052,1045.33,395.24,30,-0.0093,0.871,30,0.9677,31,4.88,25,3.84,1.795364401,NA,NA,NA,NA,NA,NA,NA,NA,NA,0.903089986991944,0.602059991327962,"Noun",7.95,"(3.68,4.71]","medium"
"151","mouthful","8","Concrete",1,80099,1187.95,361.05,21,0.3692,0.9409,21,0.7097,31,3.96,23,3.695652174,2.363256278,NA,NA,NA,NA,NA,NA,NA,NA,NA,1.93951925261862,1.90848501887865,"Noun",6.37,"(3.68,4.71]","medium"
"152","nightclub","9","Concrete",3,90539,786.67,275.29,30,-0.6388,0.6121,30,1,30,4.96,22,4.409090909,2.039119579,NA,NA,NA,NA,NA,NA,NA,NA,NA,2.37657695705651,2.24303804868629,"Noun",10.74,"(3.68,4.71]","medium"
"153","paintwork","4","Concrete",3,40584,940.81,419.29,32,-0.1369,1.1554,32,1,32,4.41,22,4.045454545,2.058137686,NA,NA,NA,NA,NA,NA,NA,NA,NA,0.301029995663981,0.301029995663981,"Noun",10.3,"(3.68,4.71]","medium"
"154","parchment","1","Concrete",2,10257,1021.9,461.06,30,0.0447,1.1447,30,0.9677,31,4.48,22,4.681818182,1.783158344,NA,NA,NA,NA,NA,NA,NA,NA,NA,1.60205999132796,1.50514997831991,"Noun",10.5,"(3.68,4.71]","medium"
"155","persimmon","6","Concrete",4,60785,1333,585.02,20,0.8428,1.3408,20,0.6774,31,4.74,18,4.611111111,2.252812331,NA,NA,NA,NA,NA,NA,NA,NA,NA,0.698970004336019,0.698970004336019,"Noun",15.29,"(3.68,4.71]","medium"
"156","propeller","9","Concrete",4,90761,878.74,308.34,27,-0.2435,0.8605,27,0.9,30,4.9,25,4.36,1.955334583,NA,NA,NA,41,5.56,1.76,41,3.17,1.69,1.89762709129044,1.7481880270062,"Noun",7,"(3.68,4.71]","medium"
"157","prosthesis","2","Concrete",3,20503,1068.7,393.47,20,0.3621,1.2295,20,0.6452,31,4.19,29,4.689655172,2.106172023,NA,NA,NA,NA,NA,NA,NA,NA,NA,1,1,"Noun",13.22,"(3.68,4.71]","medium"
"158","prowler","8","Concrete",4,80834,966.31,346.05,26,-0.08,0.7739,26,0.8387,31,4.24,23,3.782608696,2.066101329,NA,NA,NA,NA,NA,NA,NA,NA,NA,1.6232492903979,1.41497334797082,"Noun",10.06,"(3.68,4.71]","medium"
"159","quicksand","4","Concrete",3,40537,870,278.34,30,-0.3128,0.8531,30,0.9375,32,4.75,25,3.76,1.87705443,NA,NA,NA,NA,NA,NA,NA,NA,NA,1.88081359228079,1.64345267648619,"Noun",9.6,"(3.68,4.71]","medium"
"160","schoolgirl","9","Concrete",1,90051,755.63,163.33,30,-0.9801,0.4277,30,1,30,4.66,24,4.625,2.102017664,NA,NA,NA,NA,NA,NA,NA,NA,NA,1.98677173426624,1.8750612633917,"Noun",6.68,"(3.68,4.71]","medium"
"161","spaceship","6","Concrete",4,60872,793.33,248.71,30,-0.7324,0.4318,30,0.9677,31,4.48,25,4.12,1.763519209,NA,NA,NA,NA,NA,NA,NA,NA,NA,2.27646180417324,2.03742649794062,"Noun",4.67,"(3.68,4.71]","medium"
"162","sportswriter","5","Concrete",2,50263,1108.91,460.65,32,0.3554,1.2892,32,1,32,3.93,25,4.32,1.908751774,NA,NA,NA,NA,NA,NA,NA,NA,NA,1.56820172406699,1.34242268082221,"Noun",11.89,"(3.68,4.71]","medium"
"163","structure","3","Concrete",3,30531,982.92,409.67,26,-0.0339,0.9815,26,0.9032,31,4.03,25,4.16,2.173323108,NA,NA,NA,NA,NA,NA,NA,NA,NA,2.7160033436348,2.58883172559421,"Noun",9.45,"(3.68,4.71]","medium"
"164","synthesizer","7","Concrete",4,70856,1016.65,289.45,23,0.3688,0.7214,23,0.7419,31,4.04,24,4.208333333,2.042572263,NA,NA,NA,NA,NA,NA,NA,NA,NA,1.44715803134222,1.20411998265592,"Noun",10.89,"(3.68,4.71]","medium"
"165","talisman","5","Concrete",2,50342,966.48,313.89,31,-0.0783,0.9857,31,1,32,4.15,24,4.708333333,1.756458063,NA,NA,NA,NA,NA,NA,NA,NA,NA,1.8750612633917,1.44715803134222,"Noun",12.67,"(3.68,4.71]","medium"
"166","tollhouse","3","Concrete",2,30308,908.24,271.41,29,-0.2634,0.7921,29,0.9677,31,4.19,26,3.692307692,1.975231243,NA,NA,NA,NA,NA,NA,NA,NA,NA,0.477121254719662,0.477121254719662,"Noun",12.47,"(3.68,4.71]","medium"
"167","torturer","8","Concrete",3,80586,1036.25,470.01,28,0.1157,1.2125,28,0.871,31,4.31,24,4.041666667,1.706233244,NA,NA,NA,NA,NA,NA,NA,NA,NA,1.14612803567824,1.14612803567824,"Noun",10.83,"(3.68,4.71]","medium"
"168","turtledove","5","Concrete",3,50552,1178.45,533.07,29,0.2419,1.064,29,0.9063,32,4.61,21,4.19047619,1.833549771,NA,NA,NA,NA,NA,NA,NA,NA,NA,1.25527250510331,0.845098040014257,"Noun",8.78,"(3.68,4.71]","medium"
"169","whistle","2","Concrete",2,20298,924.29,467.41,31,-0.2888,1.1202,31,1,31,4.42,23,4.47826087,2.042048108,NA,NA,NA,57,5.81,1.72,27,4.96,1.76464163896246,2.89707700320942,2.67577834167409,"Noun",5.42,"(3.68,4.71]","medium"
"170","balloon","6","Concrete",4,60803,692.9,172.98,31,-0.9795,0.4639,31,1,31,4.92,21,5.523809524,1.569045813,NA,NA,NA,57,6.23,1.32,27,5.22,1.62512326948624,2.64640372622307,2.41830129131975,"Noun",4.37,"(4.71,6.72]","high"
"171","binoculars","4","Concrete",4,40853,872.23,345.63,30,-0.2208,0.8676,30,0.9375,32,5,25,6.16,1.143095213,NA,NA,NA,58,6.05,1.49,27,5,1.68705478457395,1.90848501887865,1.84509804001426,"Noun",6.79,"(4.71,6.72]","high"
"172","breasts","7","Concrete",3,70554,868.9,317.09,31,-0.4279,0.7491,31,1,31,5,23,6.173913043,1.154129893,NA,NA,NA,NA,NA,NA,NA,NA,NA,2.80277372529198,2.61278385671974,"Noun",8.027632,"(4.71,6.72]","high"
"173","cayenne","6","Concrete",4,60838,1120.12,488.86,26,0.2492,1.0983,26,0.8387,31,4.22,23,5.347826087,1.640639999,NA,NA,NA,NA,NA,NA,NA,NA,NA,1.5910646070265,1.34242268082221,"Noun",12.81,"(4.71,6.72]","high"
"174","cheesecloth","2","Concrete",2,20333,959.03,456.89,31,-0.2081,1.0319,31,1,31,4.8,23,5.52173913,2.064187386,NA,NA,NA,NA,NA,NA,NA,NA,NA,0.477121254719662,0.477121254719662,"Noun",13.2,"(4.71,6.72]","high"
"175","cousin","4","Concrete",3,40570,762.94,262.47,31,-0.6527,0.9479,31,0.9375,32,3.7,24,5.375,1.714706211,NA,NA,NA,NA,NA,NA,NA,NA,NA,3.39654803798713,3.01786771896351,"Noun",4.95,"(4.71,6.72]","high"
"176","crosswalk","8","Concrete",4,80831,864.1,419.65,31,-0.4359,1.0388,31,1,31,4.62,21,4.714285714,1.901127485,NA,NA,NA,NA,NA,NA,NA,NA,NA,1.34242268082221,1.30102999566398,"Noun",6.61,"(4.71,6.72]","high"
"177","doornail","10","Concrete",3,100596,944.84,366.12,31,-0.2972,0.6998,31,0.9688,32,4.9,25,5.4,1.825741858,NA,NA,NA,NA,NA,NA,NA,NA,NA,1.56820172406699,1.46239799789896,"Noun",8.14,"(4.71,6.72]","high"
"178","footballer","8","Concrete",3,80549,868.23,296.88,31,-0.3813,1.0252,31,1,31,4.52,24,5.041666667,1.921936674,NA,NA,NA,NA,NA,NA,NA,NA,NA,1.23044892137827,1.07918124604762,"Noun",8.71,"(4.71,6.72]","high"
"179","goldfish","6","Concrete",1,60088,714.61,203.82,31,-1.119,0.5008,31,1,31,4.79,23,4.739130435,1.737746485,NA,NA,NA,NA,NA,NA,NA,NA,NA,2.19312459835446,2,"Noun",4.5,"(4.71,6.72]","high"
"180","gondola","4","Concrete",3,40581,952.81,280.55,31,-0.0179,0.7969,31,0.9688,32,4.92,24,4.916666667,2.083405796,NA,NA,NA,NA,NA,NA,NA,NA,NA,1.57978359661681,1.38021124171161,"Noun",10.21,"(4.71,6.72]","high"
"181","hairline","7","Concrete",1,70070,893.84,314.49,31,-0.4708,0.8247,31,1,31,4.46,25,4.92,1.998332638,NA,NA,NA,NA,NA,NA,NA,NA,NA,1.79934054945358,1.7481880270062,"Noun",9.68,"(4.71,6.72]","high"
"182","hedgehog","4","Concrete",3,40625,766.24,261.79,29,-0.7196,0.5663,29,0.9375,32,4.93,23,5.043478261,1.718304155,NA,NA,NA,NA,NA,NA,NA,NA,NA,1.20411998265592,1,"Noun",8.63,"(4.71,6.72]","high"
"183","keyboard","1","Concrete",3,10574,776.1,227.61,31,-0.6268,0.5993,31,1,31,4.93,25,6.08,1.288409873,NA,NA,NA,NA,NA,NA,NA,NA,NA,1.96848294855394,1.82607480270083,"Noun",9.32,"(4.71,6.72]","high"
"184","melon","2","Concrete",1,20123,813.61,255.25,31,-0.7399,0.6081,31,1,31,4.78,22,5.681818182,1.129111055,NA,NA,NA,NA,NA,NA,NA,NA,NA,2.34044411484012,2,"Noun",4.21,"(4.71,6.72]","high"
"185","mothball","8","Concrete",2,80292,880.68,251.25,31,-0.381,0.6079,31,1,31,4.62,25,5.12,1.96468827,NA,NA,NA,NA,NA,NA,NA,NA,NA,0.778151250383644,0.778151250383644,"Noun",8.32,"(4.71,6.72]","high"
"186","nameplate","1","Concrete",1,10063,986.82,449.72,28,-0.2195,0.9168,28,0.9032,31,4.52,25,4.84,1.280624847,NA,NA,NA,NA,NA,NA,NA,NA,NA,0.903089986991944,0.903089986991944,"Noun",9.89,"(4.71,6.72]","high"
"187","petticoat","10","Concrete",1,100076,966.9,393.94,30,-0.2119,0.8186,30,0.9375,32,4.68,22,5.454545455,1.818614667,NA,NA,NA,NA,NA,NA,NA,NA,NA,1.61278385671974,1.53147891704226,"Noun",11,"(4.71,6.72]","high"
"188","photograph","1","Concrete",3,10615,761.97,201.08,31,-0.7271,0.5727,31,1,31,4.89,24,5.875,1.19099885,NA,NA,NA,41,6.24,1.2,41,4.39,1.58,2.76342799356294,2.61066016308988,"Noun",6.68,"(4.71,6.72]","high"
"189","pinecone","8","Concrete",2,80317,920.77,370.54,30,-0.3479,0.7069,30,0.9677,31,4.85,28,5.821428571,1.611384761,NA,NA,NA,57,5.93,1.59,27,3.41,1.71552322718754,1.14612803567824,0.845098040014257,"Noun",4.61,"(4.71,6.72]","high"
"190","poster","8","Concrete",3,80582,825.42,267.14,31,-0.4633,0.943,31,1,31,4.66,24,5.583333333,1.558055272,NA,NA,NA,42,4.86,1.7,41,4.07,1.71,2.48572142648158,2.34044411484012,"Noun",8.12,"(4.71,6.72]","high"
"191","powderpuff","10","Concrete",3,100586,1098.59,461.86,27,0.235,0.8382,27,0.9063,32,4.35,26,4.923076923,1.937484491,NA,NA,NA,NA,NA,NA,NA,NA,NA,0.301029995663981,0.301029995663981,"Noun",10.56,"(4.71,6.72]","high"
"192","receptacle","2","Concrete",4,20810,1315.15,484.16,13,1.2717,1.5215,13,0.3548,31,4.58,22,4.863636364,1.934534632,NA,NA,NA,NA,NA,NA,NA,NA,NA,1.36172783601759,1.30102999566398,"Noun",10.24,"(4.71,6.72]","high"
"193","scallop","2","Concrete",1,20083,978.23,396.99,30,-0.2437,0.8733,30,0.9677,31,4.61,25,5.48,1.734935157,NA,NA,NA,NA,NA,NA,NA,NA,NA,1,0.903089986991944,"Noun",11.26,"(4.71,6.72]","high"
"194","scanner","9","Concrete",2,90286,832.48,230.89,29,-0.4887,0.6253,29,0.9667,30,4.79,27,5.444444444,1.671787006,NA,NA,NA,NA,NA,NA,NA,NA,NA,2.17897694729317,2.04139268515822,"Noun",11.37,"(4.71,6.72]","high"
"195","secretary","5","Concrete",1,50111,963.59,259.91,32,-0.1353,0.6669,32,1,32,4.54,25,5.2,1.632993162,NA,NA,NA,NA,NA,NA,NA,NA,NA,3.2291697025391,2.89376176205794,"Noun",7.75,"(4.71,6.72]","high"
"196","slacks","4","Concrete",4,40775,859.93,294.3,29,-0.2538,0.878,29,0.9355,31,4.57,29,6.103448276,1.263352331,NA,NA,NA,NA,NA,NA,NA,NA,NA,1.75587485567249,1.63346845557959,"Noun",9.63,"(4.71,6.72]","high"
"197","textile","3","Concrete",3,30606,864.5,289.2,28,-0.4041,0.8288,28,0.9032,31,4.23,28,4.964285714,1.666269794,NA,NA,NA,NA,NA,NA,NA,NA,NA,1.41497334797082,1.34242268082221,"Noun",9.75,"(4.71,6.72]","high"
"198","tongs","7","Concrete",2,70364,905.5,376.18,30,-0.2826,1.0471,30,0.9677,31,5,23,5.826086957,1.613921647,NA,NA,NA,NA,NA,NA,NA,NA,NA,1.61278385671974,1.39794000867204,"Noun",7.777639,"(4.71,6.72]","high"
"199","waistcoat","9","Concrete",2,90291,848.37,246.95,30,-0.4064,0.7827,30,1,30,4.63,25,6.44,0.820568908,NA,NA,NA,NA,NA,NA,NA,NA,NA,1.27875360095283,1.14612803567824,"Noun",11.88,"(4.71,6.72]","high"
"200","washbasin","2","Concrete",4,20841,963.26,413.57,31,-0.024,0.8453,31,1,31,4.74,24,5.833333333,1.274044115,NA,NA,NA,NA,NA,NA,NA,NA,NA,0.301029995663981,0.301029995663981,"Noun",8.5,"(4.71,6.72]","high"
